"","Ensemble","Model","Data","Time","Temp"
"1","r1i1p1f1","ACCESS-CM2","Land",181.25,281.051605224609
"2","r1i1p1f1","ACCESS-CM2","Land",546.25,281.04443359375
"3","r1i1p1f1","ACCESS-CM2","Land",912.25,281.18994140625
"4","r1i1p1f1","ACCESS-CM2","Land",1277.25,281.025512695312
"5","r1i1p1f1","ACCESS-CM2","Land",1642.25,281.301574707031
"6","r1i1p1f1","ACCESS-CM2","Land",2007.25,280.894226074219
"7","r1i1p1f1","ACCESS-CM2","Land",2373.25,280.829711914062
"8","r1i1p1f1","ACCESS-CM2","Land",2738.25,280.9853515625
"9","r1i1p1f1","ACCESS-CM2","Land",3103.25,280.872375488281
"10","r1i1p1f1","ACCESS-CM2","Land",3468.25,281.026336669922
"11","r1i1p1f1","ACCESS-CM2","Land",3834.25,281.115325927734
"12","r1i1p1f1","ACCESS-CM2","Land",4199.25,280.831359863281
"13","r1i1p1f1","ACCESS-CM2","Land",4564.25,280.843139648438
"14","r1i1p1f1","ACCESS-CM2","Land",4929.25,280.718658447266
"15","r1i1p1f1","ACCESS-CM2","Land",5295.25,280.974334716797
"16","r1i1p1f1","ACCESS-CM2","Land",5660.25,280.882598876953
"17","r1i1p1f1","ACCESS-CM2","Land",6025.25,280.780548095703
"18","r1i1p1f1","ACCESS-CM2","Land",6390.25,281.052581787109
"19","r1i1p1f1","ACCESS-CM2","Land",6756.25,280.768951416016
"20","r1i1p1f1","ACCESS-CM2","Land",7121.25,280.885101318359
"21","r1i1p1f1","ACCESS-CM2","Land",7486.25,280.822143554688
"22","r1i1p1f1","ACCESS-CM2","Land",7851.25,280.833801269531
"23","r1i1p1f1","ACCESS-CM2","Land",8217.25,281.173461914062
"24","r1i1p1f1","ACCESS-CM2","Land",8582.25,280.708465576172
"25","r1i1p1f1","ACCESS-CM2","Land",8947.25,281.10693359375
"26","r1i1p1f1","ACCESS-CM2","Land",9312.25,280.930847167969
"27","r1i1p1f1","ACCESS-CM2","Land",9678.25,280.840423583984
"28","r1i1p1f1","ACCESS-CM2","Land",10043.25,281.029510498047
"29","r1i1p1f1","ACCESS-CM2","Land",10408.25,280.885467529297
"30","r1i1p1f1","ACCESS-CM2","Land",10773.25,280.815032958984
"31","r1i1p1f1","ACCESS-CM2","Land",11139.25,280.873901367188
"32","r1i1p1f1","ACCESS-CM2","Land",11504.25,280.776672363281
"33","r1i1p1f1","ACCESS-CM2","Land",11869.25,280.856109619141
"34","r1i1p1f1","ACCESS-CM2","Land",12234.25,280.765106201172
"35","r1i1p1f1","ACCESS-CM2","Land",12600.25,280.247741699219
"36","r1i1p1f1","ACCESS-CM2","Land",12965.25,280.422180175781
"37","r1i1p1f1","ACCESS-CM2","Land",13330.25,280.410034179688
"38","r1i1p1f1","ACCESS-CM2","Land",13695.25,280.650909423828
"39","r1i1p1f1","ACCESS-CM2","Land",14061.25,280.611297607422
"40","r1i1p1f1","ACCESS-CM2","Land",14426.25,280.667755126953
"41","r1i1p1f1","ACCESS-CM2","Land",14791.25,280.631622314453
"42","r1i1p1f1","ACCESS-CM2","Land",15156.25,280.648651123047
"43","r1i1p1f1","ACCESS-CM2","Land",15522.25,280.534454345703
"44","r1i1p1f1","ACCESS-CM2","Land",15887.25,280.762756347656
"45","r1i1p1f1","ACCESS-CM2","Land",16252.25,280.897247314453
"46","r1i1p1f1","ACCESS-CM2","Land",16617.25,280.887664794922
"47","r1i1p1f1","ACCESS-CM2","Land",16983.25,280.835052490234
"48","r1i1p1f1","ACCESS-CM2","Land",17348.25,280.963134765625
"49","r1i1p1f1","ACCESS-CM2","Land",17713.25,281.165802001953
"50","r1i1p1f1","ACCESS-CM2","Land",18078.25,281.039245605469
"51","r1i1p1f1","ACCESS-CM2","Land",18443.25,280.977722167969
"52","r1i1p1f1","ACCESS-CM2","Land",18808.25,280.917907714844
"53","r1i1p1f1","ACCESS-CM2","Land",19173.25,280.910430908203
"54","r1i1p1f1","ACCESS-CM2","Land",19538.25,280.600738525391
"55","r1i1p1f1","ACCESS-CM2","Land",19904.25,280.620880126953
"56","r1i1p1f1","ACCESS-CM2","Land",20269.25,280.630950927734
"57","r1i1p1f1","ACCESS-CM2","Land",20634.25,280.83447265625
"58","r1i1p1f1","ACCESS-CM2","Land",20999.25,280.532684326172
"59","r1i1p1f1","ACCESS-CM2","Land",21365.25,280.727569580078
"60","r1i1p1f1","ACCESS-CM2","Land",21730.25,280.463317871094
"61","r1i1p1f1","ACCESS-CM2","Land",22095.25,280.86572265625
"62","r1i1p1f1","ACCESS-CM2","Land",22460.25,280.876647949219
"63","r1i1p1f1","ACCESS-CM2","Land",22826.25,280.467864990234
"64","r1i1p1f1","ACCESS-CM2","Land",23191.25,280.393493652344
"65","r1i1p1f1","ACCESS-CM2","Land",23556.25,280.170013427734
"66","r1i1p1f1","ACCESS-CM2","Land",23921.25,280.539855957031
"67","r1i1p1f1","ACCESS-CM2","Land",24287.25,280.814178466797
"68","r1i1p1f1","ACCESS-CM2","Land",24652.25,280.327819824219
"69","r1i1p1f1","ACCESS-CM2","Land",25017.25,280.777496337891
"70","r1i1p1f1","ACCESS-CM2","Land",25382.25,280.755126953125
"71","r1i1p1f1","ACCESS-CM2","Land",25748.25,280.615997314453
"72","r1i1p1f1","ACCESS-CM2","Land",26113.25,280.603424072266
"73","r1i1p1f1","ACCESS-CM2","Land",26478.25,280.405944824219
"74","r1i1p1f1","ACCESS-CM2","Land",26843.25,280.781311035156
"75","r1i1p1f1","ACCESS-CM2","Land",27209.25,280.757232666016
"76","r1i1p1f1","ACCESS-CM2","Land",27574.25,280.857269287109
"77","r1i1p1f1","ACCESS-CM2","Land",27939.25,280.713348388672
"78","r1i1p1f1","ACCESS-CM2","Land",28304.25,280.999359130859
"79","r1i1p1f1","ACCESS-CM2","Land",28670.25,280.774230957031
"80","r1i1p1f1","ACCESS-CM2","Land",29035.25,280.881713867188
"81","r1i1p1f1","ACCESS-CM2","Land",29400.25,280.825836181641
"82","r1i1p1f1","ACCESS-CM2","Land",29765.25,280.645050048828
"83","r1i1p1f1","ACCESS-CM2","Land",30131.25,280.972137451172
"84","r1i1p1f1","ACCESS-CM2","Land",30496.25,280.975402832031
"85","r1i1p1f1","ACCESS-CM2","Land",30861.25,281.387725830078
"86","r1i1p1f1","ACCESS-CM2","Land",31226.25,281.118133544922
"87","r1i1p1f1","ACCESS-CM2","Land",31592.25,281.115051269531
"88","r1i1p1f1","ACCESS-CM2","Land",31957.25,280.862365722656
"89","r1i1p1f1","ACCESS-CM2","Land",32322.25,280.892730712891
"90","r1i1p1f1","ACCESS-CM2","Land",32687.25,281.048309326172
"91","r1i1p1f1","ACCESS-CM2","Land",33053.25,281.030334472656
"92","r1i1p1f1","ACCESS-CM2","Land",33418.25,281.125335693359
"93","r1i1p1f1","ACCESS-CM2","Land",33783.25,281.132385253906
"94","r1i1p1f1","ACCESS-CM2","Land",34148.25,281.080383300781
"95","r1i1p1f1","ACCESS-CM2","Land",34514.25,281.199401855469
"96","r1i1p1f1","ACCESS-CM2","Land",34879.25,281.329925537109
"97","r1i1p1f1","ACCESS-CM2","Land",35244.25,281.120819091797
"98","r1i1p1f1","ACCESS-CM2","Land",35609.25,281.028350830078
"99","r1i1p1f1","ACCESS-CM2","Land",35975.25,280.964202880859
"100","r1i1p1f1","ACCESS-CM2","Land",36340.25,281.194885253906
"101","r1i1p1f1","ACCESS-CM2","Land",36705.25,280.726623535156
"102","r1i1p1f1","ACCESS-CM2","Land",37070.25,280.863739013672
"103","r1i1p1f1","ACCESS-CM2","Land",37436.25,281.019226074219
"104","r1i1p1f1","ACCESS-CM2","Land",37801.25,280.925689697266
"105","r1i1p1f1","ACCESS-CM2","Land",38166.25,280.948638916016
"106","r1i1p1f1","ACCESS-CM2","Land",38531.25,281.084259033203
"107","r1i1p1f1","ACCESS-CM2","Land",38897.25,280.856353759766
"108","r1i1p1f1","ACCESS-CM2","Land",39262.25,280.9453125
"109","r1i1p1f1","ACCESS-CM2","Land",39627.25,280.816101074219
"110","r1i1p1f1","ACCESS-CM2","Land",39992.25,281.214752197266
"111","r1i1p1f1","ACCESS-CM2","Land",40358.25,281.092224121094
"112","r1i1p1f1","ACCESS-CM2","Land",40723.25,281.081298828125
"113","r1i1p1f1","ACCESS-CM2","Land",41088.25,281.051055908203
"114","r1i1p1f1","ACCESS-CM2","Land",41453.25,280.647064208984
"115","r1i1p1f1","ACCESS-CM2","Land",41819.25,280.532440185547
"116","r1i1p1f1","ACCESS-CM2","Land",42184.25,280.535888671875
"117","r1i1p1f1","ACCESS-CM2","Land",42549.25,280.397521972656
"118","r1i1p1f1","ACCESS-CM2","Land",42914.25,280.592651367188
"119","r1i1p1f1","ACCESS-CM2","Land",43280.25,280.84765625
"120","r1i1p1f1","ACCESS-CM2","Land",43645.25,280.882873535156
"121","r1i1p1f1","ACCESS-CM2","Land",44010.25,280.789916992188
"122","r1i1p1f1","ACCESS-CM2","Land",44375.25,280.849151611328
"123","r1i1p1f1","ACCESS-CM2","Land",44741.25,280.841888427734
"124","r1i1p1f1","ACCESS-CM2","Land",45106.25,281.015106201172
"125","r1i1p1f1","ACCESS-CM2","Land",45471.25,280.744354248047
"126","r1i1p1f1","ACCESS-CM2","Land",45836.25,280.634063720703
"127","r1i1p1f1","ACCESS-CM2","Land",46202.25,280.939514160156
"128","r1i1p1f1","ACCESS-CM2","Land",46567.25,281.059143066406
"129","r1i1p1f1","ACCESS-CM2","Land",46932.25,280.952270507812
"130","r1i1p1f1","ACCESS-CM2","Land",47297.25,281.189849853516
"131","r1i1p1f1","ACCESS-CM2","Land",47663.25,280.962493896484
"132","r1i1p1f1","ACCESS-CM2","Land",48028.25,280.912353515625
"133","r1i1p1f1","ACCESS-CM2","Land",48393.25,280.871368408203
"134","r1i1p1f1","ACCESS-CM2","Land",48758.25,280.692413330078
"135","r1i1p1f1","ACCESS-CM2","Land",49124.25,281.136688232422
"136","r1i1p1f1","ACCESS-CM2","Land",49489.25,281.158935546875
"137","r1i1p1f1","ACCESS-CM2","Land",49854.25,281.355255126953
"138","r1i1p1f1","ACCESS-CM2","Land",50219.25,280.867950439453
"139","r1i1p1f1","ACCESS-CM2","Land",50585.25,280.943389892578
"140","r1i1p1f1","ACCESS-CM2","Land",50950.25,281.078735351562
"141","r1i1p1f1","ACCESS-CM2","Land",51315.25,281.327178955078
"142","r1i1p1f1","ACCESS-CM2","Land",51680.25,281.223571777344
"143","r1i1p1f1","ACCESS-CM2","Land",52046.25,280.690216064453
"144","r1i1p1f1","ACCESS-CM2","Land",52411.25,280.764129638672
"145","r1i1p1f1","ACCESS-CM2","Land",52776.25,281.230255126953
"146","r1i1p1f1","ACCESS-CM2","Land",53141.25,281.128997802734
"147","r1i1p1f1","ACCESS-CM2","Land",53507.25,281.364196777344
"148","r1i1p1f1","ACCESS-CM2","Land",53872.25,281.247528076172
"149","r1i1p1f1","ACCESS-CM2","Land",54237.25,281.416839599609
"150","r1i1p1f1","ACCESS-CM2","Land",54602.25,281.452301025391
"151","r1i1p1f1","ACCESS-CM2","Land",54968.25,281.728576660156
"152","r1i1p1f1","ACCESS-CM2","Land",55333.25,281.481323242188
"153","r1i1p1f1","ACCESS-CM2","Land",55698.25,281.496795654297
"154","r1i1p1f1","ACCESS-CM2","Land",56063.25,281.827972412109
"155","r1i1p1f1","ACCESS-CM2","Land",56429.25,281.430786132812
"156","r1i1p1f1","ACCESS-CM2","Land",56794.25,281.714202880859
"157","r1i1p1f1","ACCESS-CM2","Land",57159.25,281.738952636719
"158","r1i1p1f1","ACCESS-CM2","Land",57524.25,281.459533691406
"159","r1i1p1f1","ACCESS-CM2","Land",57890.25,281.763519287109
"160","r1i1p1f1","ACCESS-CM2","Land",58255.25,281.579498291016
"161","r1i1p1f1","ACCESS-CM2","Land",58620.25,281.860656738281
"162","r1i1p1f1","ACCESS-CM2","Land",58985.25,282.084411621094
"163","r1i1p1f1","ACCESS-CM2","Land",59351.25,282.334838867188
"164","r1i1p1f1","ACCESS-CM2","Land",59716.25,281.758178710938
"165","r1i1p1f1","ACCESS-CM2","Land",60081.25,282.138946533203
"166","r1i1p1f1","ACCESS-CM2","Ocean",181.25,289.474731445312
"167","r1i1p1f1","ACCESS-CM2","Ocean",546.25,289.490020751953
"168","r1i1p1f1","ACCESS-CM2","Ocean",912.25,289.644134521484
"169","r1i1p1f1","ACCESS-CM2","Ocean",1277.25,289.574401855469
"170","r1i1p1f1","ACCESS-CM2","Ocean",1642.25,289.557525634766
"171","r1i1p1f1","ACCESS-CM2","Ocean",2007.25,289.403869628906
"172","r1i1p1f1","ACCESS-CM2","Ocean",2373.25,289.465179443359
"173","r1i1p1f1","ACCESS-CM2","Ocean",2738.25,289.491729736328
"174","r1i1p1f1","ACCESS-CM2","Ocean",3103.25,289.420196533203
"175","r1i1p1f1","ACCESS-CM2","Ocean",3468.25,289.513641357422
"176","r1i1p1f1","ACCESS-CM2","Ocean",3834.25,289.424621582031
"177","r1i1p1f1","ACCESS-CM2","Ocean",4199.25,289.378540039062
"178","r1i1p1f1","ACCESS-CM2","Ocean",4564.25,289.354949951172
"179","r1i1p1f1","ACCESS-CM2","Ocean",4929.25,289.282623291016
"180","r1i1p1f1","ACCESS-CM2","Ocean",5295.25,289.324035644531
"181","r1i1p1f1","ACCESS-CM2","Ocean",5660.25,289.275146484375
"182","r1i1p1f1","ACCESS-CM2","Ocean",6025.25,289.352355957031
"183","r1i1p1f1","ACCESS-CM2","Ocean",6390.25,289.380981445312
"184","r1i1p1f1","ACCESS-CM2","Ocean",6756.25,289.285980224609
"185","r1i1p1f1","ACCESS-CM2","Ocean",7121.25,289.328186035156
"186","r1i1p1f1","ACCESS-CM2","Ocean",7486.25,289.440582275391
"187","r1i1p1f1","ACCESS-CM2","Ocean",7851.25,289.512023925781
"188","r1i1p1f1","ACCESS-CM2","Ocean",8217.25,289.538391113281
"189","r1i1p1f1","ACCESS-CM2","Ocean",8582.25,289.340423583984
"190","r1i1p1f1","ACCESS-CM2","Ocean",8947.25,289.449829101562
"191","r1i1p1f1","ACCESS-CM2","Ocean",9312.25,289.461456298828
"192","r1i1p1f1","ACCESS-CM2","Ocean",9678.25,289.427490234375
"193","r1i1p1f1","ACCESS-CM2","Ocean",10043.25,289.499298095703
"194","r1i1p1f1","ACCESS-CM2","Ocean",10408.25,289.482666015625
"195","r1i1p1f1","ACCESS-CM2","Ocean",10773.25,289.449890136719
"196","r1i1p1f1","ACCESS-CM2","Ocean",11139.25,289.350769042969
"197","r1i1p1f1","ACCESS-CM2","Ocean",11504.25,289.462585449219
"198","r1i1p1f1","ACCESS-CM2","Ocean",11869.25,289.498504638672
"199","r1i1p1f1","ACCESS-CM2","Ocean",12234.25,289.403228759766
"200","r1i1p1f1","ACCESS-CM2","Ocean",12600.25,289.104400634766
"201","r1i1p1f1","ACCESS-CM2","Ocean",12965.25,289.126312255859
"202","r1i1p1f1","ACCESS-CM2","Ocean",13330.25,289.139404296875
"203","r1i1p1f1","ACCESS-CM2","Ocean",13695.25,289.260559082031
"204","r1i1p1f1","ACCESS-CM2","Ocean",14061.25,289.293365478516
"205","r1i1p1f1","ACCESS-CM2","Ocean",14426.25,289.331298828125
"206","r1i1p1f1","ACCESS-CM2","Ocean",14791.25,289.42333984375
"207","r1i1p1f1","ACCESS-CM2","Ocean",15156.25,289.367523193359
"208","r1i1p1f1","ACCESS-CM2","Ocean",15522.25,289.184875488281
"209","r1i1p1f1","ACCESS-CM2","Ocean",15887.25,289.339721679688
"210","r1i1p1f1","ACCESS-CM2","Ocean",16252.25,289.38671875
"211","r1i1p1f1","ACCESS-CM2","Ocean",16617.25,289.420745849609
"212","r1i1p1f1","ACCESS-CM2","Ocean",16983.25,289.501251220703
"213","r1i1p1f1","ACCESS-CM2","Ocean",17348.25,289.533538818359
"214","r1i1p1f1","ACCESS-CM2","Ocean",17713.25,289.527954101562
"215","r1i1p1f1","ACCESS-CM2","Ocean",18078.25,289.490875244141
"216","r1i1p1f1","ACCESS-CM2","Ocean",18443.25,289.519683837891
"217","r1i1p1f1","ACCESS-CM2","Ocean",18808.25,289.471832275391
"218","r1i1p1f1","ACCESS-CM2","Ocean",19173.25,289.511199951172
"219","r1i1p1f1","ACCESS-CM2","Ocean",19538.25,289.361602783203
"220","r1i1p1f1","ACCESS-CM2","Ocean",19904.25,289.355621337891
"221","r1i1p1f1","ACCESS-CM2","Ocean",20269.25,289.403564453125
"222","r1i1p1f1","ACCESS-CM2","Ocean",20634.25,289.437896728516
"223","r1i1p1f1","ACCESS-CM2","Ocean",20999.25,289.367156982422
"224","r1i1p1f1","ACCESS-CM2","Ocean",21365.25,289.346435546875
"225","r1i1p1f1","ACCESS-CM2","Ocean",21730.25,289.351501464844
"226","r1i1p1f1","ACCESS-CM2","Ocean",22095.25,289.456176757812
"227","r1i1p1f1","ACCESS-CM2","Ocean",22460.25,289.407104492188
"228","r1i1p1f1","ACCESS-CM2","Ocean",22826.25,289.225860595703
"229","r1i1p1f1","ACCESS-CM2","Ocean",23191.25,289.203643798828
"230","r1i1p1f1","ACCESS-CM2","Ocean",23556.25,289.105010986328
"231","r1i1p1f1","ACCESS-CM2","Ocean",23921.25,289.221343994141
"232","r1i1p1f1","ACCESS-CM2","Ocean",24287.25,289.3994140625
"233","r1i1p1f1","ACCESS-CM2","Ocean",24652.25,289.212890625
"234","r1i1p1f1","ACCESS-CM2","Ocean",25017.25,289.349548339844
"235","r1i1p1f1","ACCESS-CM2","Ocean",25382.25,289.319763183594
"236","r1i1p1f1","ACCESS-CM2","Ocean",25748.25,289.293609619141
"237","r1i1p1f1","ACCESS-CM2","Ocean",26113.25,289.292999267578
"238","r1i1p1f1","ACCESS-CM2","Ocean",26478.25,289.243896484375
"239","r1i1p1f1","ACCESS-CM2","Ocean",26843.25,289.340728759766
"240","r1i1p1f1","ACCESS-CM2","Ocean",27209.25,289.408935546875
"241","r1i1p1f1","ACCESS-CM2","Ocean",27574.25,289.436553955078
"242","r1i1p1f1","ACCESS-CM2","Ocean",27939.25,289.366607666016
"243","r1i1p1f1","ACCESS-CM2","Ocean",28304.25,289.482360839844
"244","r1i1p1f1","ACCESS-CM2","Ocean",28670.25,289.495941162109
"245","r1i1p1f1","ACCESS-CM2","Ocean",29035.25,289.584716796875
"246","r1i1p1f1","ACCESS-CM2","Ocean",29400.25,289.467651367188
"247","r1i1p1f1","ACCESS-CM2","Ocean",29765.25,289.426696777344
"248","r1i1p1f1","ACCESS-CM2","Ocean",30131.25,289.511413574219
"249","r1i1p1f1","ACCESS-CM2","Ocean",30496.25,289.596862792969
"250","r1i1p1f1","ACCESS-CM2","Ocean",30861.25,289.720520019531
"251","r1i1p1f1","ACCESS-CM2","Ocean",31226.25,289.661529541016
"252","r1i1p1f1","ACCESS-CM2","Ocean",31592.25,289.697143554688
"253","r1i1p1f1","ACCESS-CM2","Ocean",31957.25,289.535980224609
"254","r1i1p1f1","ACCESS-CM2","Ocean",32322.25,289.606750488281
"255","r1i1p1f1","ACCESS-CM2","Ocean",32687.25,289.625091552734
"256","r1i1p1f1","ACCESS-CM2","Ocean",33053.25,289.600372314453
"257","r1i1p1f1","ACCESS-CM2","Ocean",33418.25,289.767944335938
"258","r1i1p1f1","ACCESS-CM2","Ocean",33783.25,289.634490966797
"259","r1i1p1f1","ACCESS-CM2","Ocean",34148.25,289.568817138672
"260","r1i1p1f1","ACCESS-CM2","Ocean",34514.25,289.643402099609
"261","r1i1p1f1","ACCESS-CM2","Ocean",34879.25,289.672821044922
"262","r1i1p1f1","ACCESS-CM2","Ocean",35244.25,289.620635986328
"263","r1i1p1f1","ACCESS-CM2","Ocean",35609.25,289.491912841797
"264","r1i1p1f1","ACCESS-CM2","Ocean",35975.25,289.515594482422
"265","r1i1p1f1","ACCESS-CM2","Ocean",36340.25,289.557250976562
"266","r1i1p1f1","ACCESS-CM2","Ocean",36705.25,289.495483398438
"267","r1i1p1f1","ACCESS-CM2","Ocean",37070.25,289.587768554688
"268","r1i1p1f1","ACCESS-CM2","Ocean",37436.25,289.593963623047
"269","r1i1p1f1","ACCESS-CM2","Ocean",37801.25,289.624176025391
"270","r1i1p1f1","ACCESS-CM2","Ocean",38166.25,289.516448974609
"271","r1i1p1f1","ACCESS-CM2","Ocean",38531.25,289.51416015625
"272","r1i1p1f1","ACCESS-CM2","Ocean",38897.25,289.457397460938
"273","r1i1p1f1","ACCESS-CM2","Ocean",39262.25,289.587829589844
"274","r1i1p1f1","ACCESS-CM2","Ocean",39627.25,289.598480224609
"275","r1i1p1f1","ACCESS-CM2","Ocean",39992.25,289.561004638672
"276","r1i1p1f1","ACCESS-CM2","Ocean",40358.25,289.695098876953
"277","r1i1p1f1","ACCESS-CM2","Ocean",40723.25,289.64501953125
"278","r1i1p1f1","ACCESS-CM2","Ocean",41088.25,289.548065185547
"279","r1i1p1f1","ACCESS-CM2","Ocean",41453.25,289.424194335938
"280","r1i1p1f1","ACCESS-CM2","Ocean",41819.25,289.358215332031
"281","r1i1p1f1","ACCESS-CM2","Ocean",42184.25,289.354644775391
"282","r1i1p1f1","ACCESS-CM2","Ocean",42549.25,289.392974853516
"283","r1i1p1f1","ACCESS-CM2","Ocean",42914.25,289.432464599609
"284","r1i1p1f1","ACCESS-CM2","Ocean",43280.25,289.568206787109
"285","r1i1p1f1","ACCESS-CM2","Ocean",43645.25,289.563049316406
"286","r1i1p1f1","ACCESS-CM2","Ocean",44010.25,289.511627197266
"287","r1i1p1f1","ACCESS-CM2","Ocean",44375.25,289.441223144531
"288","r1i1p1f1","ACCESS-CM2","Ocean",44741.25,289.57275390625
"289","r1i1p1f1","ACCESS-CM2","Ocean",45106.25,289.699981689453
"290","r1i1p1f1","ACCESS-CM2","Ocean",45471.25,289.543518066406
"291","r1i1p1f1","ACCESS-CM2","Ocean",45836.25,289.563415527344
"292","r1i1p1f1","ACCESS-CM2","Ocean",46202.25,289.563232421875
"293","r1i1p1f1","ACCESS-CM2","Ocean",46567.25,289.540893554688
"294","r1i1p1f1","ACCESS-CM2","Ocean",46932.25,289.574096679688
"295","r1i1p1f1","ACCESS-CM2","Ocean",47297.25,289.674407958984
"296","r1i1p1f1","ACCESS-CM2","Ocean",47663.25,289.561706542969
"297","r1i1p1f1","ACCESS-CM2","Ocean",48028.25,289.684539794922
"298","r1i1p1f1","ACCESS-CM2","Ocean",48393.25,289.631591796875
"299","r1i1p1f1","ACCESS-CM2","Ocean",48758.25,289.589324951172
"300","r1i1p1f1","ACCESS-CM2","Ocean",49124.25,289.577972412109
"301","r1i1p1f1","ACCESS-CM2","Ocean",49489.25,289.713104248047
"302","r1i1p1f1","ACCESS-CM2","Ocean",49854.25,289.80810546875
"303","r1i1p1f1","ACCESS-CM2","Ocean",50219.25,289.630004882812
"304","r1i1p1f1","ACCESS-CM2","Ocean",50585.25,289.600311279297
"305","r1i1p1f1","ACCESS-CM2","Ocean",50950.25,289.784698486328
"306","r1i1p1f1","ACCESS-CM2","Ocean",51315.25,289.826263427734
"307","r1i1p1f1","ACCESS-CM2","Ocean",51680.25,289.779602050781
"308","r1i1p1f1","ACCESS-CM2","Ocean",52046.25,289.460113525391
"309","r1i1p1f1","ACCESS-CM2","Ocean",52411.25,289.595703125
"310","r1i1p1f1","ACCESS-CM2","Ocean",52776.25,289.592590332031
"311","r1i1p1f1","ACCESS-CM2","Ocean",53141.25,289.691528320312
"312","r1i1p1f1","ACCESS-CM2","Ocean",53507.25,289.844940185547
"313","r1i1p1f1","ACCESS-CM2","Ocean",53872.25,289.710266113281
"314","r1i1p1f1","ACCESS-CM2","Ocean",54237.25,289.721466064453
"315","r1i1p1f1","ACCESS-CM2","Ocean",54602.25,289.869140625
"316","r1i1p1f1","ACCESS-CM2","Ocean",54968.25,289.963531494141
"317","r1i1p1f1","ACCESS-CM2","Ocean",55333.25,289.913421630859
"318","r1i1p1f1","ACCESS-CM2","Ocean",55698.25,289.896667480469
"319","r1i1p1f1","ACCESS-CM2","Ocean",56063.25,290.006896972656
"320","r1i1p1f1","ACCESS-CM2","Ocean",56429.25,289.941650390625
"321","r1i1p1f1","ACCESS-CM2","Ocean",56794.25,289.957336425781
"322","r1i1p1f1","ACCESS-CM2","Ocean",57159.25,289.954345703125
"323","r1i1p1f1","ACCESS-CM2","Ocean",57524.25,289.851593017578
"324","r1i1p1f1","ACCESS-CM2","Ocean",57890.25,289.956298828125
"325","r1i1p1f1","ACCESS-CM2","Ocean",58255.25,289.944702148438
"326","r1i1p1f1","ACCESS-CM2","Ocean",58620.25,290.084411621094
"327","r1i1p1f1","ACCESS-CM2","Ocean",58985.25,290.164764404297
"328","r1i1p1f1","ACCESS-CM2","Ocean",59351.25,290.244262695312
"329","r1i1p1f1","ACCESS-CM2","Ocean",59716.25,290.089050292969
"330","r1i1p1f1","ACCESS-CM2","Ocean",60081.25,290.241180419922
"331","r1i1p1f1","ACCESS-CM2","Global",181.25,287.018768310547
"332","r1i1p1f1","ACCESS-CM2","Global",546.25,287.027496337891
"333","r1i1p1f1","ACCESS-CM2","Global",912.25,287.179107666016
"334","r1i1p1f1","ACCESS-CM2","Global",1277.25,287.081787109375
"335","r1i1p1f1","ACCESS-CM2","Global",1642.25,287.150329589844
"336","r1i1p1f1","ACCESS-CM2","Global",2007.25,286.922698974609
"337","r1i1p1f1","ACCESS-CM2","Global",2373.25,286.947296142578
"338","r1i1p1f1","ACCESS-CM2","Global",2738.25,287.011505126953
"339","r1i1p1f1","ACCESS-CM2","Global",3103.25,286.927886962891
"340","r1i1p1f1","ACCESS-CM2","Global",3468.25,287.038970947266
"341","r1i1p1f1","ACCESS-CM2","Global",3834.25,287.001831054688
"342","r1i1p1f1","ACCESS-CM2","Global",4199.25,286.886413574219
"343","r1i1p1f1","ACCESS-CM2","Global",4564.25,286.873138427734
"344","r1i1p1f1","ACCESS-CM2","Global",4929.25,286.785583496094
"345","r1i1p1f1","ACCESS-CM2","Global",5295.25,286.889465332031
"346","r1i1p1f1","ACCESS-CM2","Global",5660.25,286.828094482422
"347","r1i1p1f1","ACCESS-CM2","Global",6025.25,286.853057861328
"348","r1i1p1f1","ACCESS-CM2","Global",6390.25,286.95263671875
"349","r1i1p1f1","ACCESS-CM2","Global",6756.25,286.802642822266
"350","r1i1p1f1","ACCESS-CM2","Global",7121.25,286.866424560547
"351","r1i1p1f1","ACCESS-CM2","Global",7486.25,286.927673339844
"352","r1i1p1f1","ACCESS-CM2","Global",7851.25,286.981689453125
"353","r1i1p1f1","ACCESS-CM2","Global",8217.25,287.099395751953
"354","r1i1p1f1","ACCESS-CM2","Global",8582.25,286.823577880859
"355","r1i1p1f1","ACCESS-CM2","Global",8947.25,287.017272949219
"356","r1i1p1f1","ACCESS-CM2","Global",9312.25,286.974151611328
"357","r1i1p1f1","ACCESS-CM2","Global",9678.25,286.923736572266
"358","r1i1p1f1","ACCESS-CM2","Global",10043.25,287.029724121094
"359","r1i1p1f1","ACCESS-CM2","Global",10408.25,286.975952148438
"360","r1i1p1f1","ACCESS-CM2","Global",10773.25,286.932189941406
"361","r1i1p1f1","ACCESS-CM2","Global",11139.25,286.879119873047
"362","r1i1p1f1","ACCESS-CM2","Global",11504.25,286.930023193359
"363","r1i1p1f1","ACCESS-CM2","Global",11869.25,286.978607177734
"364","r1i1p1f1","ACCESS-CM2","Global",12234.25,286.884582519531
"365","r1i1p1f1","ACCESS-CM2","Global",12600.25,286.522033691406
"366","r1i1p1f1","ACCESS-CM2","Global",12965.25,286.588409423828
"367","r1i1p1f1","ACCESS-CM2","Global",13330.25,286.594146728516
"368","r1i1p1f1","ACCESS-CM2","Global",13695.25,286.750213623047
"369","r1i1p1f1","ACCESS-CM2","Global",14061.25,286.761901855469
"370","r1i1p1f1","ACCESS-CM2","Global",14426.25,286.805236816406
"371","r1i1p1f1","ACCESS-CM2","Global",14791.25,286.859893798828
"372","r1i1p1f1","ACCESS-CM2","Global",15156.25,286.825347900391
"373","r1i1p1f1","ACCESS-CM2","Global",15522.25,286.662658691406
"374","r1i1p1f1","ACCESS-CM2","Global",15887.25,286.838897705078
"375","r1i1p1f1","ACCESS-CM2","Global",16252.25,286.911407470703
"376","r1i1p1f1","ACCESS-CM2","Global",16617.25,286.932708740234
"377","r1i1p1f1","ACCESS-CM2","Global",16983.25,286.974426269531
"378","r1i1p1f1","ACCESS-CM2","Global",17348.25,287.034637451172
"379","r1i1p1f1","ACCESS-CM2","Global",17713.25,287.089782714844
"380","r1i1p1f1","ACCESS-CM2","Global",18078.25,287.026611328125
"381","r1i1p1f1","ACCESS-CM2","Global",18443.25,287.029083251953
"382","r1i1p1f1","ACCESS-CM2","Global",18808.25,286.977722167969
"383","r1i1p1f1","ACCESS-CM2","Global",19173.25,287.003448486328
"384","r1i1p1f1","ACCESS-CM2","Global",19538.25,286.807159423828
"385","r1i1p1f1","ACCESS-CM2","Global",19904.25,286.808807373047
"386","r1i1p1f1","ACCESS-CM2","Global",20269.25,286.845703125
"387","r1i1p1f1","ACCESS-CM2","Global",20634.25,286.929382324219
"388","r1i1p1f1","ACCESS-CM2","Global",20999.25,286.791259765625
"389","r1i1p1f1","ACCESS-CM2","Global",21365.25,286.833404541016
"390","r1i1p1f1","ACCESS-CM2","Global",21730.25,286.759948730469
"391","r1i1p1f1","ACCESS-CM2","Global",22095.25,286.951446533203
"392","r1i1p1f1","ACCESS-CM2","Global",22460.25,286.919860839844
"393","r1i1p1f1","ACCESS-CM2","Global",22826.25,286.672271728516
"394","r1i1p1f1","ACCESS-CM2","Global",23191.25,286.634826660156
"395","r1i1p1f1","ACCESS-CM2","Global",23556.25,286.499816894531
"396","r1i1p1f1","ACCESS-CM2","Global",23921.25,286.690063476562
"397","r1i1p1f1","ACCESS-CM2","Global",24287.25,286.896179199219
"398","r1i1p1f1","ACCESS-CM2","Global",24652.25,286.622253417969
"399","r1i1p1f1","ACCESS-CM2","Global",25017.25,286.850189208984
"400","r1i1p1f1","ACCESS-CM2","Global",25382.25,286.822540283203
"401","r1i1p1f1","ACCESS-CM2","Global",25748.25,286.763427734375
"402","r1i1p1f1","ACCESS-CM2","Global",26113.25,286.759338378906
"403","r1i1p1f1","ACCESS-CM2","Global",26478.25,286.6669921875
"404","r1i1p1f1","ACCESS-CM2","Global",26843.25,286.845031738281
"405","r1i1p1f1","ACCESS-CM2","Global",27209.25,286.886352539062
"406","r1i1p1f1","ACCESS-CM2","Global",27574.25,286.93505859375
"407","r1i1p1f1","ACCESS-CM2","Global",27939.25,286.843536376953
"408","r1i1p1f1","ACCESS-CM2","Global",28304.25,287.008941650391
"409","r1i1p1f1","ACCESS-CM2","Global",28670.25,286.952941894531
"410","r1i1p1f1","ACCESS-CM2","Global",29035.25,287.047149658203
"411","r1i1p1f1","ACCESS-CM2","Global",29400.25,286.947937011719
"412","r1i1p1f1","ACCESS-CM2","Global",29765.25,286.866180419922
"413","r1i1p1f1","ACCESS-CM2","Global",30131.25,287.021575927734
"414","r1i1p1f1","ACCESS-CM2","Global",30496.25,287.083068847656
"415","r1i1p1f1","ACCESS-CM2","Global",30861.25,287.290893554688
"416","r1i1p1f1","ACCESS-CM2","Global",31226.25,287.170501708984
"417","r1i1p1f1","ACCESS-CM2","Global",31592.25,287.194854736328
"418","r1i1p1f1","ACCESS-CM2","Global",31957.25,287.006988525391
"419","r1i1p1f1","ACCESS-CM2","Global",32322.25,287.065979003906
"420","r1i1p1f1","ACCESS-CM2","Global",32687.25,287.124328613281
"421","r1i1p1f1","ACCESS-CM2","Global",33053.25,287.101593017578
"422","r1i1p1f1","ACCESS-CM2","Global",33418.25,287.247985839844
"423","r1i1p1f1","ACCESS-CM2","Global",33783.25,287.155517578125
"424","r1i1p1f1","ACCESS-CM2","Global",34148.25,287.093811035156
"425","r1i1p1f1","ACCESS-CM2","Global",34514.25,287.181365966797
"426","r1i1p1f1","ACCESS-CM2","Global",34879.25,287.240264892578
"427","r1i1p1f1","ACCESS-CM2","Global",35244.25,287.142333984375
"428","r1i1p1f1","ACCESS-CM2","Global",35609.25,287.024169921875
"429","r1i1p1f1","ACCESS-CM2","Global",35975.25,287.022216796875
"430","r1i1p1f1","ACCESS-CM2","Global",36340.25,287.119018554688
"431","r1i1p1f1","ACCESS-CM2","Global",36705.25,286.938720703125
"432","r1i1p1f1","ACCESS-CM2","Global",37070.25,287.044067382812
"433","r1i1p1f1","ACCESS-CM2","Global",37436.25,287.093811035156
"434","r1i1p1f1","ACCESS-CM2","Global",37801.25,287.087951660156
"435","r1i1p1f1","ACCESS-CM2","Global",38166.25,287.018310546875
"436","r1i1p1f1","ACCESS-CM2","Global",38531.25,287.056213378906
"437","r1i1p1f1","ACCESS-CM2","Global",38897.25,286.949584960938
"438","r1i1p1f1","ACCESS-CM2","Global",39262.25,287.067901611328
"439","r1i1p1f1","ACCESS-CM2","Global",39627.25,287.037780761719
"440","r1i1p1f1","ACCESS-CM2","Global",39992.25,287.127471923828
"441","r1i1p1f1","ACCESS-CM2","Global",40358.25,287.186737060547
"442","r1i1p1f1","ACCESS-CM2","Global",40723.25,287.148071289062
"443","r1i1p1f1","ACCESS-CM2","Global",41088.25,287.070556640625
"444","r1i1p1f1","ACCESS-CM2","Global",41453.25,286.865020751953
"445","r1i1p1f1","ACCESS-CM2","Global",41819.25,286.784851074219
"446","r1i1p1f1","ACCESS-CM2","Global",42184.25,286.783325195312
"447","r1i1p1f1","ACCESS-CM2","Global",42549.25,286.770141601562
"448","r1i1p1f1","ACCESS-CM2","Global",42914.25,286.855010986328
"449","r1i1p1f1","ACCESS-CM2","Global",43280.25,287.025543212891
"450","r1i1p1f1","ACCESS-CM2","Global",43645.25,287.032135009766
"451","r1i1p1f1","ACCESS-CM2","Global",44010.25,286.968597412109
"452","r1i1p1f1","ACCESS-CM2","Global",44375.25,286.936004638672
"453","r1i1p1f1","ACCESS-CM2","Global",44741.25,287.027069091797
"454","r1i1p1f1","ACCESS-CM2","Global",45106.25,287.167694091797
"455","r1i1p1f1","ACCESS-CM2","Global",45471.25,286.977935791016
"456","r1i1p1f1","ACCESS-CM2","Global",45836.25,286.959869384766
"457","r1i1p1f1","ACCESS-CM2","Global",46202.25,287.048767089844
"458","r1i1p1f1","ACCESS-CM2","Global",46567.25,287.067840576172
"459","r1i1p1f1","ACCESS-CM2","Global",46932.25,287.060211181641
"460","r1i1p1f1","ACCESS-CM2","Global",47297.25,287.200531005859
"461","r1i1p1f1","ACCESS-CM2","Global",47663.25,287.054382324219
"462","r1i1p1f1","ACCESS-CM2","Global",48028.25,287.126831054688
"463","r1i1p1f1","ACCESS-CM2","Global",48393.25,287.077331542969
"464","r1i1p1f1","ACCESS-CM2","Global",48758.25,286.995208740234
"465","r1i1p1f1","ACCESS-CM2","Global",49124.25,287.11669921875
"466","r1i1p1f1","ACCESS-CM2","Global",49489.25,287.218963623047
"467","r1i1p1f1","ACCESS-CM2","Global",49854.25,287.343475341797
"468","r1i1p1f1","ACCESS-CM2","Global",50219.25,287.075225830078
"469","r1i1p1f1","ACCESS-CM2","Global",50585.25,287.076171875
"470","r1i1p1f1","ACCESS-CM2","Global",50950.25,287.246276855469
"471","r1i1p1f1","ACCESS-CM2","Global",51315.25,287.348175048828
"472","r1i1p1f1","ACCESS-CM2","Global",51680.25,287.284881591797
"473","r1i1p1f1","ACCESS-CM2","Global",52046.25,286.903076171875
"474","r1i1p1f1","ACCESS-CM2","Global",52411.25,287.020660400391
"475","r1i1p1f1","ACCESS-CM2","Global",52776.25,287.154357910156
"476","r1i1p1f1","ACCESS-CM2","Global",53141.25,287.194946289062
"477","r1i1p1f1","ACCESS-CM2","Global",53507.25,287.372192382812
"478","r1i1p1f1","ACCESS-CM2","Global",53872.25,287.242767333984
"479","r1i1p1f1","ACCESS-CM2","Global",54237.25,287.300048828125
"480","r1i1p1f1","ACCESS-CM2","Global",54602.25,287.415008544922
"481","r1i1p1f1","ACCESS-CM2","Global",54968.25,287.562438964844
"482","r1i1p1f1","ACCESS-CM2","Global",55333.25,287.454864501953
"483","r1i1p1f1","ACCESS-CM2","Global",55698.25,287.447479248047
"484","r1i1p1f1","ACCESS-CM2","Global",56063.25,287.622131347656
"485","r1i1p1f1","ACCESS-CM2","Global",56429.25,287.460113525391
"486","r1i1p1f1","ACCESS-CM2","Global",56794.25,287.553863525391
"487","r1i1p1f1","ACCESS-CM2","Global",57159.25,287.558959960938
"488","r1i1p1f1","ACCESS-CM2","Global",57524.25,287.404693603516
"489","r1i1p1f1","ACCESS-CM2","Global",57890.25,287.567504882812
"490","r1i1p1f1","ACCESS-CM2","Global",58255.25,287.505645751953
"491","r1i1p1f1","ACCESS-CM2","Global",58620.25,287.686584472656
"492","r1i1p1f1","ACCESS-CM2","Global",58985.25,287.808746337891
"493","r1i1p1f1","ACCESS-CM2","Global",59351.25,287.938079833984
"494","r1i1p1f1","ACCESS-CM2","Global",59716.25,287.660003662109
"495","r1i1p1f1","ACCESS-CM2","Global",60081.25,287.878784179688
